{"cameraMode":{"drawMode":0,"name":"Shaded","section":"Shading Mode"},"sceneLighting":true,"audioPlay":false,"sceneViewState":{"showFog":true,"showMaterialUpdate":false,"showSkybox":true,"showFlares":true,"showImageEffects":true,"showParticleSystems":true},"in2DMode":false,"pivot":{"x":0.6366473436355591,"y":-1.4347552061080933,"z":-0.7521467208862305},"rotation":{"x":0.004807200748473406,"y":0.033304937183856967,"z":-0.00016026491357479244,"w":0.999433696269989},"size":17.171716690063478,"orthographic":false}